id,mood
2H7PHVdQ3mXqEHXcvclTB0,Happy
4HIwL9ii9CcXpTOTzMq0MP,Sad
5GZEeowhvSieFDiR8fQ2im,Sad
6HA97v4wEGQ5TUClRM0XLc,Happy
47IWLfIKOKhFnz1FUEUIkE,Energetic
67DOFCrkcQaLp5yhzF8Y8N,Calm
79NmiFAgcXUIVDGfCWDdWF,Calm
4l2hnfUx0esSbITQa7iJt0,Happy
5rAxhWcgFng3s570sGO2F8,Energetic
6QxTWEvzcJljVZaeTzuHF1,Energetic
1RvDsjCBDTES3lPiEGNNMY,Energetic
6w0vhPaZBYjhrDobs3QE14,Calm
3TNNGjgOQ7O8vwAlvlD9Fg,Calm
0P44AUPRzaIAHNWquN0fGR,Energetic
2374M0fQpWi3dLnB54qaLX,Happy
2XBc2jWnvPqNO2LebVtLaY,Calm
4QdwsME04RG25KPHcPYoox,Energetic
0PqJ7LSknltqqMNqPDClNA,Sad
55CenVQ4alvDJ1PS8aYB0m,Sad
2rPJcL8gQauA2nBdRyNZZL,Energetic
1XczdQt6RKNkEQfPqUsi3q,Sad
4ZQdynvfiayhdoq5lcuCQ1,Sad
6hZkQjIQBY7HAj4nzLUvdx,Energetic
17Nk1aji6gd26vabky7fMi,Energetic
3U4isOIWM3VvDubwSI3y7a,Sad
15bAMg00o4VdWmQrlkbfG3,Happy
7kpa6MWRrPaF3b6C0DgioK,Energetic
0suQ6B8Bsp0tFuCXx652Az,Calm
4OWZLr2sLv7ueKPHV7JRNP,Calm
6x6XKEUcCJGUACD4Xh7KuP,Sad
0L6lVIgGqVHnmR3BIy8GHa,Sad
5hXTMmVXz1Ablgu34BkTz1,Sad
6H0wgcQCOuLYqDuNhMW8KL,Energetic
1SSAvErVyid5OXzmtGZKkg,Happy
4sPJgy0CksvmXp9jC0W4gv,Energetic
305WCRhhS10XUcH6AEwZk6,Happy
72qlZsoVPpyFxVjL6GUuYI,Energetic
2lJa0SY7vZpvJ7QDFanOuZ,Sad
6WdO6Ds95sLALCqCOfbDQh,Calm
42BtxDRqFTbE6Jb6rd9QOZ,Calm
00ZtJgQax06A96l8sMcmlB,Calm
4wzaTdhmBgpch7IXu3CskA,Energetic
78W8wiUIlQ2SnWY9TVowKZ,Energetic
6MrVWgw16iHBGRntjRkGQq,Calm
1qUaWLUot3Iik95S09cdSZ,Sad
7vCuaxRIKElwgjSAo5REkw,Sad
2KSCegx6TosQQEgmhJKNQa,Sad
65w8nArxPq2EzOAhteymf0,Sad
6a9DN96EWRc56Lwl5YD7KL,Calm
6irNz2hSXvd2QJG0vXyBFR,Energetic
08qO8i2K0Hxl0h8PIncyuH,Calm
0AG2l0IboWNSwjUkMr2Aq7,Sad
2s25Z079T5KRzfqEQRMQQ4,Happy
4zhRVs7eqgdroy5E3kKEs2,Energetic
199PI6mx1IFrDk8ZMtNTyX,Calm
2gMXnyrvIjhVBUZwvLZDMP,Sad
3iJxloILmOu2NIRZ0OGyui,Happy
6MLHg35rlksBc5OBcdZvJi,Sad
4VywXu6umkIQ2OS0m1I79y,Happy
0yBM8cOHjb6iiMI2eM8pIc,Calm
6B2jQL05apmJlDZtPIxD3R,Energetic
6DzvC1VHpyTFfLBbAYBa7W,Sad
0e0hVla9NkILk2JWOwVCMW,Sad
7ESnexsnylx85YfT6ZiSun,Sad
6yTnvHRhUuuaoxy4dHzLGo,Energetic
3TSZpRzSEKL1dFfpd1JDoF,Energetic
1fMZR4DD2mE0iXginD9fOc,Energetic
61XspFITuKmAlYdQacNCbF,Energetic
2pfkaHd8arhESSxyJAou6g,Sad
5DP6ow4t5Mmfge0fMRhSJD,Calm
7zNT9GE070fYjnhx6TFWnQ,Sad
4nX11Rjdh7AuM8Ezb73m1R,Happy
3wcaYUOKVSEbmmGB43YGqf,Happy
5UaOg4eymp98fxKyx6SHmB,Energetic
4CFlaEtdgeu4mFmnUApAyl,Calm
5OTdNMpl1EPr3tOLyyRIc3,Happy
1XZrMIHtCVJPqK29Mzm44G,Energetic
1j45uvYWACNGDZ0jmKSTuP,Calm
1rJ1xX2XBC8nesYapeO6Av,Energetic
5q2hzGmdBeXEWuMOlOMOt2,Calm
7jqzZyJJLrpkRFYGpkqSK6,Sad
5BegkNkGXa6TUobnxy5LFL,Happy
4Of7rzpRpV1mWRbhp5rAqG,Sad
4BggEwLhGfrbrl7JBhC8EC,Happy
7AQKjpzLGVBKvTDyoJ7YVK,Calm
63rva3TBizr6x1Yp5uwKfD,Happy
44Co96UhNfnq258r2VybLE,Calm
4CilIy3dA3P9Tq2NFqKEOX,Energetic
6dB3Uad2TOaJcGKpM3zizO,Sad
2106G7MY2XnVyqij2bJVGH,Energetic
4WiiRw2PHMNQE0ad6y6GdD,Happy
2DlHlPMa4M17kufBvI2lEN,Energetic
5OxyHotdy7y789r3UQcHAB,Calm
18cST7DK31Ab2rTH1POP6A,Happy
6u1ymcw9MTK9mPGy8XdvEb,Calm
7bKMZYXVYzGMvnHiRDCmjy,Calm
1LMVGL3030W3mGmRrd2hCm,Energetic
2TFQPFUqRtgj1auq9b5PlR,Calm
7kpZ9isu48poYKpaAb0wiR,Sad
1q3AoLCoawd8Gpm9wP7sHi,Sad
6chZg1OMXz9VN3MQCr4cNf,Energetic
2dVvMXDWBY0U7VjCjOjVH9,Calm
3jP962JoLAn9p4wCDdx4My,Calm
5uzNa0SBGOe5pPnstWHMCt,Happy
0Yb5Kfpf3boElZNa61wPdJ,Energetic
30ACOtgBj1PqZs1erzFZkU,Calm
261QAU5PAmYYv0KPr0vc49,Energetic
7sTtHHrD0zDpmzQzH3zegz,Sad
4THgqBGsTYJcNcQWCV92AP,Sad
7GL2SOvJXs8QVLX0cUADeq,Happy
1J1wnDwBjkFvDVOxNOLVjY,Energetic
0gj8zftpww3PXx8xea7Ygn,Calm
1FXlhqcYaiw6KuUYtXdtAi,Happy
1eK4KsyjAzr2xJ86Tj5SWa,Energetic
1vxw6aYJls2oq3gW0DujAo,Happy
6LqbJXriVJyqJCd9jYoPqP,Happy
1ytTeSRAU6IRo2itVDwtPv,Sad
08Q4GyxnB8ak1ZwHnjwova,Calm
0uESMJnrEKYnZoRbNTvmpB,Energetic
0gUAGl4nHShy1dzHikQKKU,Calm
3WEdWvAScE1EcBfErseQnC,Calm
5lZyYNi8OfFWKiX1p9zDQP,Calm
5Iy1wdO0tMaHwKnfFYtlel,Sad
7kMPC3vgXk3o9xUP3GWAJ0,Happy
4o9Kj7onklt6xbYl3jVArp,Happy
02WacdrRpm4zlP8H7X6bnQ,Sad
4O5GKVbnQ8U9BxYWu0hIug,Energetic
1TQXIltqoZ5XXyfCbAeSQQ,Sad
43cElHKBLhVdsz0cPETPIj,Sad
10Nmj3JCNoMeBQ87uw5j8k,Energetic
1OdpIb0nzhDcqwkiYp0O1u,Sad
36I7pi5g6XZJm3bcgqmLyE,Sad
56ag77KIUFvxJhA1gdObsq,Calm
3JjeC1epY5y2Jysxn5FVCB,Calm
5vymVJ2WUlLnMeQqrgwQx8,Calm
5AqPW3fH2H4ORBYTVwfHep,Sad
0FTDvOs2mzgHAqL31PBXO5,Happy
0Zl6KnmirT1PeGZvAZY9T1,Calm
63JP68VirmCXtWRoMTX8Xi,Sad
27O9FuS1UIm6ZyLplgLQAH,Energetic
0NnFglDnuZH6qKuvhZpB0r,Calm
5TvkWUGywzfVF5HQ9uySVF,Sad
7zHrHnVSQwI95FGHewXDl8,Energetic
5yzzy7Hevww3RDntQM5mG1,Energetic
2reL9PAUza4PUtbjqW1fRf,Sad
4SXU3lUZ1eb4JWWbkQw43Y,Happy
7hQJA50XrCWABAu5v6QZ4i,Happy
0A4PZuepTcIQVvA5m7R0M1,Happy
1LomCMl5wD3MPVlC6smUHe,Sad
4YMLW13PuuO7o3jkIWlKAs,Happy
6Nm8h73ycDG2saCnZV8poF,Energetic
0DRvClQbN9znQ295sx76VC,Sad
157kvk58Qr04AiuDv2aQWd,Calm
0fJFBbpUxTwjhh1ScBQjeX,Happy
61mWefnWQOLf90gepjOCb3,Energetic
0s8OsDxW96cl290PcsI2mX,Energetic
2SbIONplUQ0BvXyRgGDgCz,Sad
6AlzF33SOFB8vfrmABo0jV,Energetic
7uI4m3uAKy2WWH1mJZAYzO,Calm
2k9N4caeCIJLOWwWwssrEM,Sad
7INi4pMPG4IE0Smx5y4KVf,Happy
5zfsg3FNA03fCUZzW2a9Fr,Sad
2id8E4WvczfKHB4LHI7Np3,Happy
6KuzTwyczjBp1C4f60Y5ID,Calm
2viJufnGlsjR1X51CEHpeg,Energetic
4UmpEQtTlhBOxDPePaK8qR,Sad
6CY6TBcuh13KEk34pMnZA8,Calm
3eqyYjMYUHGlmtCP4C4iSX,Energetic
7JrSIPcfkWhDzxWII8Jz7V,Calm
0T3UHut7JmCi5jcgYiMawm,Calm
7lSHfDPdyGdRyG234h5ToK,Calm
5jkUfQV3wlplyoz0PUja09,Happy
4xxyCh7xkK30LVBO81poif,Energetic
0sSxUKtpE11r5VVx1DIMww,Sad
7lL2lMWNtzOcf5HnEudNgn,Happy
2MlnLVsrTJmHmdpzJQcQ6w,Happy
2G7cxwbFSMneFgTMdnvICw,Energetic
1ZMiCix7XSAbfAJlEZWMCp,Sad
6Zr0mt1HdVUwTEdMwqPXsC,Sad
1FunUekKzZ9Mgt3BMYCrfF,Sad
2F6FfZ4w8z3eJpSxPotVO5,Energetic
3iGMErA58MMTYT1mBkUkRf,Energetic
4uqNn56KFQ7NtJ35xWZKvf,Happy
26AYR77170U49cMcXB7aRV,Energetic
3mMd2MGvEIDAfMfvcb9wsC,Calm
0IvaKmBYBLVcdP0Ft8Dwik,Sad
3OjwAIOhan5AIGS2p6fJrt,Calm
0BEkkhhqcCNx6VLMtshOiT,Calm
71Znjl8mUrHfSg38OQU8bb,Sad
0x4CFzoSdqVq5qTGgwZFuX,Sad
16A82OAjqWawjDM8K5HCdm,Calm
43p1IlKF0PBgwkqzS2EdCk,Energetic
7hJZMJqFRlypzSlxC7Kn8n,Calm
06G5MnuMA3cLbNwjFs8zIS,Calm
69VbrwGah98lR7iuXkrk7e,Sad
0TEW7oRDKD2mjJQH507ni4,Energetic
3DZ7DFolE5U2xEGIzFjeGo,Calm
7d44sL4znFm5HZ6ltUVqbI,Calm
2T2EemW8X3GlKvJe1gxpBC,Calm
6s2T9kuNYNZKsG5Fa1LiDN,Happy
0aaTrekfgJgLiH00lnPKm7,Happy
4QlzkaRHtU8gAdwqjWmO8n,Happy
4ogyT8HqLV6IdCepscSkh3,Energetic
4nTeeVQnNghbWWo6k7oPrH,Calm
55ux9bDGw3qTVfad3PxSTq,Calm
229MM2St7SnW43nT8ADlG8,Happy
4e7yuouxvWPbK1q2kVlgz8,Energetic
7gb626DDDHoiuVAGZEnlJk,Happy
2Foc5Q5nqNiosCNqttzHof,Happy
0nyrltZrQGAJMBZc1bYvuQ,Happy
3YQopTaSSgLSSuzYBZ9bLf,Energetic
6mnYXjuK0CDzqem4eR5JGU,Sad
2No1A7ZuMaBGxz45jmA9Gw,Calm
45DElIx0dXqUH4A88yQFdE,Energetic
08Hghm2hJpCxJux9YuhCG0,Energetic
0G3fbPbE1vGeABDEZF0jeG,Happy
2oF7FZHIJbzjeEXZ3D0Ku4,Happy
4VxaUj96W2jw9UOtKHu51p,Sad
5rLZGAZOstOC3fqhmGChvK,Sad
7ANhXB1OJBaTb7kDoAJRLq,Calm
2bo6ZMPnFkWCd0VRTMwbcs,Calm
1TSpCeUusXyZ7FiaDuy3x1,Calm
4kjbflfFCcNWkBGWvYBSxz,Calm
2UVLuddklEVak5PXgC7baA,Happy
3ktUAf5M4HiCt6n7Zb323H,Energetic
7lUjs7bf1fjKI8HKhbNp6z,Energetic
3EKKIR8be1kfAAwaz1fzyS,Energetic
3ekjqtjoDwy5YLuGtKoXDO,Energetic
1qv9TWDpXh50DPLgWD4bnH,Happy
1JO1xLtVc8mWhIoE3YaCL0,Happy
2KK7OUblFkd7TT9TjWgW7z,Sad
2mPMFJvQ0v27gVqe5b6nDn,Energetic
4QAUGy6k7c3IOAhgWz52r7,Happy
0M6TLjxixptslrmQpWbRoR,Sad
3vqt0fEt6I52ANHu7mAlIP,Energetic
6dGnYIeXmHdcikdzNNDMm2,Happy
2zYzyRzz6pRmhPzyfMEC8s,Happy
48H6uWuBYeeZUiXwb5f69K,Energetic
3MOdqpj30w4Wk96bBwLJk9,Energetic
7Ga9ZSdPAcQXQvd1ObVFpm,Energetic
3Qsp2uAtcDCrrlknJtUPj8,Energetic
5gNVTfD1L6QrPgOf0wFo0q,Energetic
1dssHOp3HpaK9o5c0CL7xU,Happy
6RT3PxDEQOa7m6tK502DNa,Happy
6ruBSXfnFc6raFDFm9YB3r,Sad
1V17xHHZgIgZ6H14rinHdi,Happy
1IB1GFSTgmeecjscmAJ0lW,Happy
2NRZo1Y3T6UaVCz1i8dMqm,Sad
2jpL7mFOMzRnbaSj790BfQ,Calm
1OdYu7mDO94ydUvfZPaPvP,Sad
2rx8InAMTVDeZdkLUWHDmA,Sad
33gVbwdqw7aRX0Y2zM7qm3,Calm
6pGJTJaExyKwwXBmcoyVlY,Energetic
1PiKcVhlmHPvL7IPjx9dJk,Sad
2ZSCy3P1QzpJySCWA6NRIU,Happy
6fBwVe6udYdnRqwqo06if8,Happy
07htwTiSZVnQfdl38siCIn,Sad
7lRlq939cDG4SzWOF4VAnd,Energetic
5FRWe0PkPj4CQ4fvibzTEh,Sad
0KyPBZ6PAxzpcAobqxhaHu,Sad
2jxfHzOYVLmGKejNRHvqoc,Happy
0QurRfrHz1RGbdPpTx7lLV,Calm
3iiL6merNpFNX1bny9sfvM,Sad
4sqIHHGPprOZNdW5zMx36p,Calm
7FORBAxm1qwuwbYo7Rtz42,Calm
2qoKkOBw3dAd8AlITOQ2Ca,Sad
5AciiCKJKTLKRrAPSrKQy5,Calm
6mgKP4yo57GTSMc3fJlyWm,Calm
6okaxit4V1bU6yIVVsP836,Energetic
1xHcapGIorRGVlBnWE7X4N,Energetic
3GuzB4BEWq3bhZM8YydysZ,Calm
1HTYYXCKpMWiHRd7qIb6ui,Calm
5d8pKJxoDlYX2SoFR6RCsm,Sad
4sP8BZIZKGVq6jHOSPF17A,Calm
07FUh3cxCPNQFIIp8aSWCy,Sad
6Xb5klX1nnSUxoh2AyZd54,Energetic
3QP17SZh39ZVczQnopq9BE,Sad
4L2K7JKseFCBoHMZEAszW0,Sad
2gFBh7NnEfSeBoZZDB5d2C,Sad
0DVw5GHPCUImZ8VmRdlbmx,Calm
64BirkPW9F4XgzoLAiOBCP,Sad
5LAdBsIfjzAsusjc6WSLmH,Happy
62X7ld1sa8RHl4zRtSvfHf,Calm
1ko2lVN0vKGUl9zrU0qSlT,Happy
6vG1pcmNGdG6Vu62I9nLGL,Sad
1HdIqEOl9MxoJNsz33VOvW,Sad
4fItBSHKBcgKWixN1Idie5,Calm
4Hhup3YZfajcC7O0DNbwCq,Calm
2dqq3YMX6nlJKXhrjY5W4J,Sad
59WN2psjkt1tyaxjspN8fp,Energetic
4eMoWR7Lughvru6Rn97uPi,Sad
3Uz3K1Ctq6MOIDqRddKHXo,Sad
62LJFaYihsdVrrkgUOJC05,Happy
3Jrf9MHZZWx3cXBeMkZWUu,Happy
1wHkIswzW9zGCOLDBYbHFL,Energetic
6a8U8DihiuewRpRQ2OOCVU,Calm
4pWowM3xMkRYgHsIJDf61f,Calm
6iQ6AKHlGjQTrpZIqfOtyK,Calm
7v3tuzPub1Qd490tiVddwF,Sad
2h23bjG8B3bcD47HBu6bHG,Happy
4nZSgFwgYUOyWcBX61JY6j,Calm
0oB9964bp22Bmok0Dmxlzb,Happy
13HVjjWUZFaWilh2QUJKsP,Sad
72rHjyz3i7K90Hk1eF1f0c,Sad
0QeI79sp1vS8L3JgpEO7mD,Happy
0vK80mtYypq4dAwQelZ2Dh,Energetic
1C2JiKNMjv8FaZlrgwObBJ,Calm
0dcKsPZVWa64MvnoCes49q,Sad
2shD8wlebq8fDg6ChqOPkC,Energetic
5ABnK6bOqbsIRVsrc1UBOt,Energetic
38TXeCvUUqf3PeoPvnERV6,Happy
1Qf07UNBIu1XolBnl7XTi8,Energetic
5QGNwI8U3o9mQg7RR3yOPj,Calm
7zWQ9qz0vAK75QBTGLZ0Wb,Sad
7Ar4G7Ci11gpt6sfH9Cgz5,Happy
528rajP3OyhornDwrsQrt4,Energetic
0bMcjygjhkTVB8T4r3xCde,Calm
1QTixxvaGxwe6GF8PBwAve,Happy
2ihCaVdNZmnHZWt0fvAM7B,Happy
29IRVQao62okE22TDamSnm,Energetic
4ytv5Yzyal3LzKyMjRXjse,Sad
3JbE6e17yvNdPggjPDrCyO,Happy
4gkoh2vAD57fGEITzteaUh,Sad
6wGMLoEqD2k3RBXFHD0yUp,Happy
1uVk6S6Fpkrmji0iTpgKEC,Sad
1MwGbyzRmPXWABLIdW8tzG,Sad
0efOqjQkOgWPEZTzAZSB6j,Calm
5aFSzu0b7ccAYjTkbTNTsQ,Sad
7nC2EOpMnpDT2DkvniimSm,Calm
5QlL4Rxjw3MQbx8Xvs75ts,Sad
4IMBnBRqm9RALmLrRqfMor,Sad
0ACACkoHUwgfgY5CxVIL4N,Happy
0n2X57zaddr0ODIxUb64Sx,Calm
534nbCFk48DR1UQt2XlxSx,Calm
1iTzI4NSQNLIETWDJ1WNWi,Energetic
5drK2kTE2mrUdV33iHWyrx,Happy
56oqWZUaA8ZmHQCH3lCRI3,Energetic
3RlwtjeKhemCfiPvwMFozS,Calm
4iVWQTuwKG4JKtGOjx6T9V,Sad
6vxHp3CDNo0afgKGp2yi1E,Happy
3SdkYA8frHe3BMZsPVPrRq,Calm
4BntWROKZB5E0Y0K3LoHSQ,Calm
3bN4tg6rnNPy9GCkGhym4T,Happy
6qTP59Amjny78Qd8zayuNW,Energetic
11oVQ68B4PnVQHIY6svpXg,Calm
4sYNRSlV9pGInYcbsC18Jz,Calm
3EQPb4sdkNPCHb6AMyUTXj,Calm
5Z8onMr6EW2eNDamrDoWi5,Sad
5pTWpY8l7B1XcQnijEFGFj,Happy
5FXnCOAkMUAf4QIS56MRQL,Calm
7Ln0DgKSrDG0ALbtNwGeml,Calm
1EyctTkkGJVS3UYTuy8YZM,Calm
6CKu6K0xvozAgFlQq44Z56,Calm
24PDuLZfLOKtAgh4axr36e,Calm
0zNqfg3MpUGku4T6h2Pmab,Calm
4ZYFWXoHCIdsdgUdOMK9fr,Sad
2RlgNHKcydI9sayD2Df2xp,Happy
5DiXcVovI0FcY2s0icWWUu,Happy
6264zKFgXM13JuRBX4MMyD,Energetic
6MM22AtXB7I5gfTErMF0mJ,Sad
4LpOPF5RXZhS1GLzclhyaT,Energetic
7u5dBtASrtOuBTTZjJrvuJ,Energetic
33iv3wnGMrrDugd7GBso1z,Energetic
1HOMkjp0nHMaTnfAkslCQj,Happy
29pQasEiyy3Otgq55dzyTt,Energetic
1Lq9ieTRd9TtXXBh5y63E6,Sad
2cRD4yq8e8wd6PxS0zhuW3,Calm
4cLXtRF6cIFGcuid2OLyUU,Happy
5vckEy9NZ6kirDU4UX4bVl,Energetic
5llPdGZJjJFJv9aL6ZaiLY,Happy
4zRkmGHVgGGnJMhemMXD6I,Sad
7D04SRPxcqHXjoK0YFPuAq,Calm
6UBjSnyP1O5W5ndJoO9vUk,Happy
0kox8HaEK0EfeWcNVTOKTy,Calm
2OAOS8qkuKu5Kd8TvA5BAA,Sad
7LgkgNtOYgWfSJsGgDXFop,Energetic
0melIwOKh1JH4RjI1Is10w,Energetic
73SpzrcaHk0RQPFP73vqVR,Sad
1CLmFKW99S8eJrebO3GB04,Sad
46SWSNRB3oAAOu21Apj22z,Sad
3AtuVA6OJB7ZxBbMfA5qYx,Calm
32dZxkZtsF5Vt3PrJQuV2i,Calm
7tx0NDsCViutjOyd1c4A28,Happy
08EI81e55Lcqg2ZelJOXcG,Energetic
7Cia4WzapwjMr0NUQF8vf3,Sad
2jdeYpaoWR0VMIyKrgQMQE,Calm
5P8BZ67Vw2CUwAYi12yvYj,Calm
15VDHAMS4JCLziCjNkmQl1,Sad
2fgMzSoDaPrU4EYsrkAwVn,Sad
0kDTkI3VN3LEObv3v3ehhY,Happy
0Ov2L3hgjc5TlxKuBpKOQK,Energetic
5Q0VxlFh80F3LmbGnuDE4M,Energetic
61fUybL3XS40gcffnnNPoX,Energetic
0yfd3MSq6JEsNxOzSLJR7g,Sad
2ZaYFNn1YQuLSVdHhanr4Q,Sad
24CJS73HBvYtVguUZBnyAn,Calm
5bATh5zpKb6uauocsl0XRM,Calm
6jFX2sHOzh7tpIIOomlrqJ,Calm
46mPWQpvSFkXrr5nWoWW74,Energetic
2Uk3uky365BBGidUpOtKvw,Energetic
6wCsrMyI3DavGvodBx8A7h,Energetic
13i7d4s5EkgOIDHdzM0R4w,Sad
6HrPFcVFz9wTBqqIrpJ8iB,Calm
7Cx3kiPstZOSKAqTe3LtEi,Sad
3SO0vfryYv381w1ImgWONG,Energetic
59P1nrdEImkAKa1nyW9X2e,Sad
3hxqWxFfmbIYcrV0e7wSyL,Calm
1Vej0qeQ3ioKwpI6FUbRv1,Energetic
6VSmHLLvYAAkzrYFT3LloU,Energetic
4IrzpCIP60bro2wkBq5dIi,Calm
6nek1Nin9q48AVZcWs9e9D,Happy
6k1njNBYUIQgWJLG4ed26y,Energetic
4EVpdoFt3L6sAa4hivmWz9,Sad
6FI69Qkt6C2yBTVLC8zq34,Calm
5b61rcrjF6JG7yq0RRaOLh,Energetic
6XRNCAnxJIB1p4RPdFVSq0,Sad
22KKy6ftT0i4nyGNCbwc1B,Calm
4QNjuUkLHj47tEXgA6TFc3,Calm
1qlVrqeX158nz91Z72lzaa,Calm
3L47u91Y7YIGPpLPBrulh0,Happy
1XtkmIXg2o5SqOrNI8Szvk,Calm
1gIZhNdfbkGJ2iyOZJmW9O,Calm
0nL2bTth1UVQHWDDumMm3f,Sad
7mQwxVogsnpR3h6AJLQLlR,Energetic
04mlpyRplis2yvf18EwaeN,Energetic
1OvDGGu8KDbchlJTlM48Mr,Energetic
4NFa9tjhONF6lnu4SRbfG9,Calm
3wTyLh0vhP3dN5yv0Mti17,Energetic
1QmdL4qnNkm8FDuseRMf21,Calm
2R7BzSG2pPB99uJbU3lLmK,Calm
6CaQoqHFR0naK53v3jNGUT,Calm
02QoKc20zzH9A8mf25NfPq,Calm
7f2d3p6nzGFR6874f0E7E7,Energetic
5mqEL5pgnDCcWtTWpAofIV,Energetic
7w87IxuO7BDcJ3YUqCyMTT,Happy
2mJhNvt2dDCfcNn8IZg6sF,Sad
5uTfZTuLLGbq1qFYwzg7jX,Calm
1OArWxrw689jZXaJzSErbh,Sad
7sBlA4bK7gpf2H42K6Y0H3,Calm
13SBuUaDElB4vowkW6nQxk,Calm
3sqyZAk7dUY3U4ApoJcRzJ,Happy
55VX26X342cWBM7akigws7,Calm
1vNfYCzcCJz0FY7MVVA9lM,Sad
591vJuuep0gfPhx9p8WPD5,Energetic
288oxP29Qe5FikFIc1b1Gd,Calm
13iMiwdY7pgE1f7NwYKr1D,Sad
5YBVDvTSSSiqv7KZDeUlXA,Energetic
7DP18u679fMurjsUxuxMHu,Energetic
58Z8R4KZPbfTc6KVYZLwTb,Calm
1sPC2IR2UwzYUrItFRE1H3,Calm
3LmiKN6q3OwFD3sV8rhkk2,Energetic
24fghf9YPlSHoWKNHign8p,Energetic
2mXnsGgq0K4qfcYmw0rccK,Sad
1UmFRZU3taMGZApPhK32mc,Sad
3gdewACMIVMEWVbyb8O9sY,Happy
7Ky78y9gxAKlujRin3vzZf,Sad
6bUNEbXT7HovLW6BgPCBsb,Happy
0tzWCL2uhb2xQDWgG259nU,Energetic
18IyalmZGqUTwvZStMf7A1,Sad
5YlHgqWo3Kt2mF88ubmR62,Sad
2aoxz8c3bHyDrZBhTKnTXh,Calm
6KjTXwntv8paBCL3El9TnV,Energetic
7p5HBV5kqLgw0vK0lQ7eXM,Energetic
2bbhyUWJ5VjdfI3P4PRLu2,Sad
0rDXZpaDpGMbT8ON1DxEtT,Calm
3asFGFY3uLjMDmML1p0tYm,Energetic
0fcGdkaMVaJtPuYLB6bXRx,Energetic
07EmFV0AOKNsbtNonzmMJj,Calm
3PGYOWmCia5R4iLRnGHwyf,Energetic
2GXOmuU3kApsq2TWqOU5Bm,Happy
6hs3SDnbO3f6VQuPO4KBEb,Happy
3m6KkYKdnbffMpGd9Pm9FP,Happy
6dZO9UMcM7c1YLDBpEHwED,Sad
2UaXTR0Xv4SCDQ6wIlVNxC,Calm
0KN1zd8K3MTPQyix892mCf,Calm
6DzbmjkVZpz1mrDobAoJI8,Energetic
6YbVddGFPcfOVJrxhUusbV,Happy
5I6y1KWmUoV5YCaIEcs1qs,Sad
3v8PlUFGQQDBIk1J86waCo,Happy
4riNlzZh1Xd4xqbIWy7zfM,Sad
4w7vMUyVony198G1c79PSq,Calm
70HWRkitkAKfos500LBk0T,Sad
5Hd6DPGjqihEnWSiGRzqr6,Sad
0b6iQfSLnYGz5VCzwndLz9,Calm
1uGXhKyK50NIXNqBKN73DS,Happy
1NyFRrFiJAJIaR6icj1goI,Sad
7C0naD1GsrGZTKGMbg7m7I,Sad
0ewX9JsKy9oa4IifkFSroa,Sad
79z9QkhHePTFsSeVw9uyj0,Happy
2T3blUc9Jnui2a0ZhuNOag,Energetic
51USOvxeXLH3EvL3RwWJp7,Calm
21UkknmSYISvDaQbaMIOgq,Calm
0vicQm86o7GnT42GdG34sA,Sad
5riuN21I50r717iOmCJ7Kr,Happy
1qDrWA6lyx8cLECdZE7TV7,Happy
5zOetBDO9NONS4KnIBXtnx,Calm
6QPKYGnAW9QozVz2dSWqRg,Sad
2GkPTpFLY0NG8jrAHPoSnn,Happy
1EwyAL8SdJpIX0M9b1ArAp,Sad
1mc5ECVjhFQUMzdsvX9gwf,Sad
0hx6wJdPlMpT254F9UYQNu,Sad
4GQVsXO7jkxg43UmAd1Tbb,Energetic
7fqhrLJzKHJ0RW32N0y2Gp,Happy
7HKez549fwJQDzx3zLjHKC,Happy
0Uon5NsSAkBDx69XYOaQ5P,Sad
69vYa2LVWv1TXvNIVNlJA1,Energetic
5NRWr6U9kBI3NP7Hr7fyy8,Calm
12nlJypOUmAV4VQxFvfAw1,Calm
2VAlwOewe5c40VHyqozF1V,Happy
3Y6wj6dRP3QmgXeV2zCzbn,Energetic
1yERtbTiF9fKGxaelyLJOA,Sad
7oXWUVH2t0UR11AvhhY8GQ,Calm
3JjPOBCCKmvtgSsVIDqFDl,Happy
0YXPmthF2oHLQCYIGkSrZy,Calm
265poZGWCyWo6h5tq7kiA6,Happy
4VGUcTzWj0ebZ0UgI9irJL,Energetic
1b7LMtXCXGc2EwOIplI35z,Happy
54cWVWqgyFukgDKQYmaKM3,Energetic
7vcuTZAFyu0Z5dgMRLR0h0,Sad
0MaUnKwsHKRj4qjLDuBG66,Happy
4A6C6K8c8IukPda2f0rI8J,Calm
1B96GJer0xmo0t9rZg5V4c,Calm
66epoq09V61hukB4Sdm3Q4,Sad
1Cfws8y490Zpsqsyeme6V1,Happy
2yNeqUczAqpKSo8vFF00CR,Sad
2K1OMOjqHBoJf3NT4J6meQ,Sad
2d0UsAbvuAiCyR4oV6fiOq,Energetic
4dwrL3Z5U2RZ6MZiKE2PgL,Happy
0ecC8p17cDNlxHXkuYqeR6,Sad
2OUR8g12h5qsGDs1v5lqvp,Energetic
2L93hpsnJ8scBHIQFZzh1b,Happy
2WfaOiMkCvy7F5fcp2zZ8L,Happy
4iKSrwTBu0vLSqmZUXSGXr,Calm
7fRvtXvJMpGfTLdF0M09a1,Happy
60tHXabTlAhzlkXRDWl9cp,Calm
1ZekzmhuM380sFcUZePjmL,Sad
5HiKQLlJ3LAuz8J9yHB0HX,Happy
1kdiiFGX1Htx0aVZYaDwEJ,Energetic
25FTMokYEbEWHEdss5JLZS,Happy
5Vh9sUjTiivWtvKmif40wy,Calm
3AfZWVkAf2ipi68BMVvfwq,Sad
0BpKPyXhWsTaWkgXeOd1Sn,Energetic
2vBF8A6n0REigm7RSUM65S,Sad
2iAq1y8jEVOQM6OA8L0XtO,Happy
65IP0rTvP6hFkIUNODG2VK,Sad
2IXJyG1DX93g2EhFXghz37,Calm
12oa6kHYN9FamPdcpSM54i,Sad
62uEGHla1SOT2rhVAyMn6K,Calm
5NKK0t7lYlyDsT5auDYKmq,Calm
3XnQ3OqmfvP5Sh6gACEKnG,Calm
0W4RUo3m0jL0wHADS0PLme,Calm
4Ao5JXfOIMJGlVo8sJpjFr,Sad
4IUfRZY8k9MHRsStnjMTUb,Sad
5vVwPth7ccUHil5wsUG7ky,Energetic
2iyriVrfEXWD7YRfPqub7l,Energetic
60Rodg2E5ghUbYBrBFr0TA,Sad
7AaSbMyCeUxcGsvCmzmfEJ,Sad
1bp2IO61zbQrbWNmKKxg3f,Happy
40UbcJWyWPqOWFvv4Dpvfc,Energetic
3oLJlBI7OveRtPOuMe4oaM,Sad
1igVdCr2mrzwu2lHxUbJWn,Sad
6mORGLOz79w6VsCRLWYYuK,Sad
6lUDMNgZEaXVprnVgoprfT,Calm
5O4NFbDqJ8SOfbjnIhdPDt,Happy
2plPRo1J2A2erccAh1eJMB,Calm
5g5dwJD6zwXG81LRdEsnQr,Sad
1c6aKOdOoR1TFqn0JTyc4R,Calm
0Qp1IH1EkRCNabfgzxNMUT,Energetic
4Qv71lFPCObf7zol1uWCJb,Energetic
0QevFRZ5eiXah4VZWeviK4,Sad
3N2vr4m44BBZiVCZ0O4bnf,Sad
7sJm369JitaQLnkymEMe7f,Calm
5fw57RymBIg7ys4M8tWJ5H,Sad
5hdAQegqnitMjNacfLOHQd,Happy
4CYsf9MUjowxTMTVT39hTL,Calm
2ENH05Q7PkilEF6WujXNjG,Calm
28nLvoHu6NbkHNPmoxR8uD,Calm
54KFQB6N4pn926IUUYZGzK,Sad
41bqxcnDRcYsBJnJKtPCdp,Sad
65AABj5XsDcxGT92w3jK0o,Sad
6TcYEIp0uV6lxkmt4FCqf5,Calm
34ccBqL3xNaCzPxr0UqoEw,Energetic
3PJikMV2xGNCooQttQrAw5,Sad
3rRL23xxAPJ75K3wGBKZIO,Calm
2SDxYHBST2s6dGodsgnNbM,Calm
06qUEhhx6jKQmhj2qAkn4H,Sad
5ewE85NIsYxn02MhetYKqs,Calm
6dL46HEj2hzaSach8EFyCi,Happy
2GuchYit1FmdtXTxl6SbUE,Calm
5ZBeML7Lf3FMEVviTyvi8l,Happy
4ePP9So5xRzspjLFVVbj90,Happy
0DZfBeJhOPyjhqoaTkE3kZ,Sad
0XiivUyimrmkUyJkKiILPW,Energetic
0Y41ZfnVaNRQp9dQiagwbC,Calm
7ku9ctunOcfqWP6z04QTRY,Happy
6kyxQuFD38mo4S3urD2Wkw,Sad
27BMhzmPptTnpra962NgQh,Happy
0VrJzyZPEkz3VliJoU3w6A,Calm
4rXDPFpzMyUIdEpNWiwzYV,Sad
7dx3zyB8aQHd2LQm0u1lwS,Energetic
4VqPOruhp5EdPBeR92t6lQ,Energetic
0p44zFo2S1c50vmx0B7mPF,Calm
5gDZbPycrRPF5mC4voMg89,Sad
3IOXceWmoCrTyl5TXFDzWu,Calm
6eTQcsb7NrdgPIZAHchT9k,Calm
0i6KOje3rNRSNPw0vy803g,Energetic
4EvAP7MWnjDMkADXXEuF5t,Happy
0fBSs3fRoh1yJcne77fdu9,Sad
7o7E1nrHWncYY7PY94gCiX,Happy
0dCr3qIupWh36ilLjRHi4P,Happy
5S6pYZD8WH3OQapDHTDM9M,Happy
47H4oc7Zkihwae7ST7F4zp,Energetic
6laq4MxNrh2ZKZGLhB7G0V,Happy
7eClkLWbrr3TorYedzaDkI,Sad
27YP211Rr8RezhiFVDLFI8,Energetic
5imShWWzwqfAJ9gXFpGAQh,Happy
1CIIzFfELXMwLyKaGdpTul,Calm
3h1in20DlO5KaSP1vLED90,Happy
6AKWOVOJ81OQfsgxZbJ6QN,Energetic
18HZyQSQdmtxv5i9YSHJTw,Calm
7rpGOF9MwCP2Oaz9yDO452,Calm
1sVIrkPZob1Ul6aIqy8n8z,Calm
60kgQtJNMGRaFfzwy18XUY,Sad
1BEljQOZPNNjsC3nfIAHxS,Sad
49ErwcBYfYRPNBdRuPvpYA,Happy
3QeaXGKRvt8cfHdrfdk5pL,Sad
42GP0xKtkolBnmqQRvSllO,Energetic
13PUJCvdTSCT1dn70tlGdm,Sad
6NdcSEhpGGAYXNnnhGS2s6,Happy
0joCizO7Hg4JxL3o9mRAKA,Calm
3L0fPX8biELkH57fF3Exkd,Calm
6OBl3esnGuz8PllwDWinWS,Sad
0w9rKPt8242huJZKFA1zGX,Calm
100jBpD7nuiMriR7ErXQ9S,Calm
1uu52K2fxY7Hl4LQ8AtTyY,Calm
4pODZqgdj6Iwci7jruY5xf,Sad
4Hi0t9QQODb9k3aSM8SFb6,Calm
77gY3WsOnEsq9JOWgBmdLj,Energetic
0BvlCuNiWLE78NiZCiUxM7,Energetic
1FoMWISq2KNqKappkrG5Yo,Energetic
7LF1XX9NNuvFtrRliJSEoh,Calm
2WuNoTD5hLhu1yVgMarTFq,Calm
413T0g8pNNXYX6t5RqHvx7,Happy
2urxHALnoeVxG82o57q0ny,Calm
2Fgo49RzWsVWKcwAksPWq8,Energetic
6UesrqZXshkMjY07kVnlkU,Calm
2F4iGuSSSRWpYCeWN4SoRr,Calm
1kAkUHFb7ryeVkVSRD6Nkj,Sad
1wHSxWBfPr3GO31y8KGrWe,Sad
4wIBISN9EpHsQI90SbLhad,Sad
4qguRyO5RJexa48AuRwkLZ,Energetic
3BuuxHhwQ4AQvDA9dzvSry,Calm
3UaStdVN7y9A6ktTmkFDTk,Happy
79RUMZfMNMpqZnswovvTqv,Happy
1z7GhYG0KqAmebdLfuoYho,Calm
12nUGGcjJgQYkGawzk0rJp,Sad
3JqpIjrQfmW68YkpxXWPL4,Happy
4ctEt5qumxA8RuzdeQagkk,Sad
6uUqBB6wXrcIJWssTRfIYE,Energetic
1j56M8iOGH48yuKqj64qGK,Sad
4t2XUVB63KvQWeAlAaaqAz,Calm
6Nl2wvFyKjiyPKrhE4Rth1,Happy
32lF1rsInDTdK6Av3KdfaY,Happy
5BIWF6L3DnPkcuEuZmLHDz,Sad
7oypoJJHZOALqQlGKpTefk,Energetic
4vEXJ6NvEwS8ptynkNswaa,Happy
6Ij1Soe86rp6D9YsxwCz9N,Sad
1JDMO4EVPHtm0xXhJb2IjR,Sad
5ZCW5CDwhfXJGL2MzxGwhx,Calm
7pt64sepCy5QmDrgy9wOJS,Sad
0JsYp2UosjQpePYbHCvXWZ,Calm
18uwL0vNUanqZH0ro2QcOP,Sad
1elEZGOMFRU5n7bnOtUaqi,Sad
58qX77t2VWMWcycsh9zKLc,Sad
0u2P5u6lvoDfwTYjAADbn4,Sad
1yJXNOEP2bq1N1691n37oS,Calm
3KKUf8F2hktFscLgbH4YwR,Sad
4NVwMupCTfITPXetR5aozp,Sad
7l4b5JYnl1WwUfvJgKmUwr,Calm
3n2QaRyg5nTg5Cwwq5mw3Q,Calm
43zdsphuZLzwA9k4DJhU0I,Sad
59VApBbrS2IADQk4ml5mdo,Calm
4D3nttJPU6L0M2epr7sId6,Sad
45bE4HXI0AwGZXfZtMp8JR,Sad
4CxFN5zON70B3VOPBYbd6P,Sad
2irbT1BSYaIEF44PlyKaoM,Calm